{
    "data":{
        "attributes":{
            "normal":{
                "array":[0.196242,-0.725329,0.659839,0.196242,-0.725329,0.659839,0.196242,-0.725329,0.659839,-0.586162,-0.725329,0.360987,-0.586162,-0.725329,0.360987,-0.586162,-0.725329,0.360987,-0.586162,0.72533,0.360987,-0.586162,0.72533,0.360987,-0.586162,0.72533,0.360987,0.196242,0.72533,0.659838,0.196242,0.72533,0.659838,0.196242,0.72533,0.659838,-0.977365,3.20811e-08,0.211558,-0.977365,3.20811e-08,0.211558,-0.977365,3.20811e-08,0.211558,0.587451,1.22718e-07,0.80926,0.587451,1.22718e-07,0.80926,0.587451,1.22718e-07,0.80926,-0.446608,0.656423,0.607929,-0.589373,0.154515,0.792901,-0.339335,0.309061,0.888424,-0.0892972,0.154515,0.983917,-0.0723899,0.656423,0.750877,-0.884121,0.154729,0.44084,-0.589373,-0.154515,0.792901,0.365093,-0.154729,0.917997,0.365093,0.154729,0.917997,-0.0723899,-0.656423,0.750877,-0.0892666,-0.154546,0.983917,-0.339335,-0.309061,0.888424,-0.446608,-0.656423,0.607929,-0.032075,-0.78399,0.619922,0.177984,-0.501663,0.846522,0.512864,-0.226356,0.828059,-0.697043,-0.501633,0.512314,-0.934324,-0.226356,0.275307,-0.755699,-0.557543,0.343547,-0.032075,0.78399,0.619922,-0.389355,0.78399,0.483444,-0.697012,0.501633,0.512314,-0.934324,0.226356,0.275307,0.177984,0.501663,0.846522,0.512864,0.226356,0.828059,0.334208,0.557543,0.75985,-0.884121,-0.154729,0.44084,-0.356822,1.48413e-07,0.934172,-0.356822,1.48413e-07,0.934172,-0.356822,1.48413e-07,0.934172,0.196234,-0.725321,0.65985,0.196234,-0.725321,0.65985,0.196234,-0.725321,0.65985,-0.586164,-0.725318,0.361006,-0.586164,-0.725318,0.361006,-0.586164,-0.725318,0.361006,-0.586164,0.725318,0.361005,-0.586164,0.725318,0.361005,-0.586164,0.725318,0.361005,0.196234,0.725321,0.65985,0.196234,0.725321,0.65985,0.196234,0.725321,0.65985,-0.977365,3.37507e-08,0.211558,-0.977365,3.37507e-08,0.211558,-0.977365,3.37507e-08,0.211558,0.587453,2.58208e-07,0.809259,0.587453,2.58208e-07,0.809259,0.587453,2.58208e-07,0.809259,-0.389355,-0.78399,0.483444,0.334208,-0.557543,0.75985,-0.755699,0.557543,0.343547,-0.356822,2.96826e-07,0.934172,-0.356822,2.96826e-07,0.934172,-0.356822,2.96826e-07,0.934172,-0.356822,-3.66725e-07,0.934172,-0.356822,-3.66725e-07,0.934172,-0.356822,-3.66725e-07,0.934172,-0.356822,5.50088e-07,0.934172,-0.356822,5.50088e-07,0.934172,-0.356822,5.50088e-07,0.934172],
                "itemSize":3,
                "type":"Float32Array"
            },
            "position":{
                "array":[-0.00424099,-0.204396,0.977812,-0.331446,-0.381483,0.880462,-0.322235,-0.400927,0.856349,-0.339929,-0.381483,0.877222,-0.648713,-0.204396,0.731646,-0.330719,-0.400927,0.853109,-0.648713,0.204396,0.731646,-0.339929,0.381483,0.877222,-0.330719,0.400927,0.853109,-0.331446,0.381483,0.880462,-0.00424099,0.204396,0.977812,-0.322235,0.400927,0.856349,-0.646434,-0.186809,0.760148,-0.652954,0.196531,0.730026,-0.652954,-0.196531,0.730026,-0.024941,0.186809,0.997537,2.98023e-08,-0.196531,0.979432,2.98023e-08,0.196531,0.979432,-0.339929,0.381483,0.877222,-0.640705,0.187588,0.766818,-0.337182,0.375176,0.882754,-0.033658,0.187588,0.99869,-0.331446,0.381483,0.880462,-0.646434,0.186809,0.760148,-0.640705,-0.187588,0.766818,-0.024941,-0.186809,0.997537,-0.024941,0.186809,0.997537,-0.331446,-0.381483,0.880462,-0.033658,-0.187588,0.99869,-0.337182,-0.375176,0.882754,-0.339929,-0.381483,0.877222,-0.322235,-0.400927,0.856349,-0.029182,-0.194673,0.995917,2.98023e-08,-0.196531,0.979432,-0.642193,-0.194673,0.761768,-0.652954,-0.196531,0.730026,-0.648713,-0.204396,0.731646,-0.322235,0.400927,0.856349,-0.330719,0.400927,0.853109,-0.642193,0.194673,0.761768,-0.652954,0.196531,0.730026,-0.029182,0.194673,0.995917,2.98023e-08,0.196531,0.979432,-0.00424099,0.204396,0.977812,-0.646434,-0.186809,0.760148,-0.640705,0.187588,0.766818,-0.640705,-0.187588,0.766818,-0.033658,-0.187588,0.99869,-0.00424099,-0.204396,0.977812,-0.029182,-0.194673,0.995917,-0.331446,-0.381483,0.880462,-0.339929,-0.381483,0.877222,-0.642193,-0.194673,0.761768,-0.648713,-0.204396,0.731646,-0.648713,0.204396,0.731646,-0.642193,0.194673,0.761768,-0.339929,0.381483,0.877222,-0.331446,0.381483,0.880462,-0.029182,0.194673,0.995917,-0.00424099,0.204396,0.977812,-0.646434,-0.186809,0.760148,-0.646434,0.186809,0.760148,-0.652954,0.196531,0.730026,-0.024941,0.186809,0.997537,-0.024941,-0.186809,0.997537,2.98023e-08,-0.196531,0.979432,-0.330719,-0.400927,0.853109,-0.00424099,-0.204396,0.977812,-0.648713,0.204396,0.731646,-0.033658,-0.187588,0.99869,-0.033658,0.187588,0.99869,-0.640705,0.187588,0.766818,-0.337182,0.375176,0.882754,-0.640705,0.187588,0.766818,-0.033658,0.187588,0.99869,-0.640705,-0.187588,0.766818,-0.337182,-0.375176,0.882754,-0.033658,-0.187588,0.99869],
                "itemSize":3,
                "type":"Float32Array"
            },
            "uv2":{
                "array":[0.802413,0.689244,0.841044,0.613771,0.845875,0.613966,0.841044,0.612153,0.802413,0.53668,0.845875,0.611957,0.712012,0.53668,0.673381,0.612153,0.66855,0.611957,0.673381,0.613771,0.712012,0.689244,0.66855,0.613966,0.798428,0.539957,0.71375,0.535676,0.800674,0.535676,0.715996,0.685966,0.800674,0.690247,0.71375,0.690247,0.673381,0.612153,0.715729,0.541109,0.674245,0.612962,0.715729,0.684814,0.673381,0.613771,0.715996,0.539957,0.798696,0.541109,0.798428,0.685966,0.715996,0.685966,0.841044,0.613771,0.798696,0.684814,0.84018,0.612962,0.841044,0.612153,0.845875,0.613966,0.799829,0.685158,0.800674,0.690247,0.799829,0.540765,0.800674,0.535676,0.802413,0.53668,0.66855,0.613966,0.66855,0.611957,0.714596,0.540765,0.71375,0.535676,0.714596,0.685158,0.71375,0.690247,0.712012,0.689244,0.798428,0.539957,0.715729,0.541109,0.798696,0.541109,0.798696,0.684814,0.802413,0.689244,0.799829,0.685158,0.841044,0.613771,0.841044,0.612153,0.799829,0.540765,0.802413,0.53668,0.712012,0.53668,0.714596,0.540765,0.673381,0.612153,0.673381,0.613771,0.714596,0.685158,0.712012,0.689244,0.798428,0.539957,0.715996,0.539957,0.71375,0.535676,0.715996,0.685966,0.798428,0.685966,0.800674,0.690247,0.845875,0.611957,0.802413,0.689244,0.712012,0.53668,0.798696,0.684814,0.715729,0.684814,0.715729,0.541109,0.674245,0.612962,0.715729,0.541109,0.715729,0.684814,0.798696,0.541109,0.84018,0.612962,0.798696,0.684814],
                "itemSize":2,
                "type":"Float32Array"
            },
            "uv":{
                "array":[0.457714,0.493042,0.381875,0.454224,0.382071,0.44937,0.38025,0.454224,0.304411,0.493042,0.380053,0.44937,0.304411,0.583881,0.38025,0.622699,0.380053,0.627553,0.381875,0.622699,0.457714,0.583881,0.382071,0.627553,0.307704,0.497046,0.303402,0.582134,0.303402,0.494789,0.45442,0.579877,0.458722,0.494789,0.458722,0.582134,0.38025,0.622699,0.308862,0.580146,0.381062,0.621831,0.453262,0.580146,0.381875,0.622699,0.307704,0.579877,0.308862,0.496777,0.45442,0.497046,0.45442,0.579877,0.381875,0.454224,0.453262,0.496777,0.381062,0.455092,0.38025,0.454224,0.382071,0.44937,0.453608,0.495639,0.458722,0.494789,0.308516,0.495639,0.303402,0.494789,0.304411,0.493042,0.382071,0.627553,0.380053,0.627553,0.308516,0.581284,0.303402,0.582134,0.453608,0.581284,0.458722,0.582134,0.457714,0.583881,0.307704,0.497046,0.308862,0.580146,0.308862,0.496777,0.453262,0.496777,0.457714,0.493042,0.453608,0.495639,0.381875,0.454224,0.38025,0.454224,0.308516,0.495639,0.304411,0.493042,0.304411,0.583881,0.308516,0.581284,0.38025,0.622699,0.381875,0.622699,0.453608,0.581284,0.457714,0.583881,0.307704,0.497046,0.307704,0.579877,0.303402,0.582134,0.45442,0.579877,0.45442,0.497046,0.458722,0.494789,0.380053,0.44937,0.457714,0.493042,0.304411,0.583881,0.453262,0.496777,0.453262,0.580146,0.308862,0.580146,0.381062,0.621831,0.308862,0.580146,0.453262,0.580146,0.308862,0.496777,0.381062,0.455092,0.453262,0.496777],
                "itemSize":2,
                "type":"Float32Array"
            }
        },